Space,Ceiling_Height,Label
Living Room,1.83,0
Living Room,1.83,0
Living Room,1.83,0
Living Room,1.83,0
Living Room,1.83,0
Living Room,1.83,0
Living Room,1.83,0
Living Room,1.83,0
Living Room,1.83,0
Living Room,1.83,0
Living Room,1.83,0
Living Room,1.83,0
Living Room,1.83,0
Living Room,1.83,0
Living Room,1.83,0
Living Room,1.83,0
Living Room,1.83,0
Living Room,1.83,0
Living Room,1.83,0
Living Room,1.83,0
Living Room,1.83,0
Living Room,1.83,0
Living Room,1.83,1
Living Room,1.83,1
Living Room,1.83,1
Living Room,1.83,1
Living Room,1.83,1
Living Room,1.83,1
Living Room,1.83,1
Living Room,1.83,1
Living Room,1.83,1
Living Room,1.83,1
Living Room,1.83,1
Living Room,1.83,1
Living Room,1.83,1
Living Room,1.83,1
Living Room,1.83,1
Living Room,1.83,1
Living Room,1.83,1
Living Room,1.83,1
Living Room,1.83,2
Living Room,1.83,2
Living Room,1.83,2
Living Room,1.83,2
Living Room,1.83,2
Living Room,1.83,2
Living Room,1.83,2
Living Room,1.83,2
Living Room,1.83,2
Living Room,1.83,2
Living Room,1.83,2
Living Room,1.83,2
Living Room,1.83,2
Living Room,1.83,2
Living Room,1.83,3
Living Room,1.83,3
Living Room,1.83,3
Living Room,1.83,3
Living Room,2.22,0
Living Room,2.22,0
Living Room,2.22,0
Living Room,2.22,1
Living Room,2.22,1
Living Room,2.22,1
Living Room,2.22,1
Living Room,2.22,1
Living Room,2.22,1
Living Room,2.22,1
Living Room,2.22,1
Living Room,2.22,1
Living Room,2.22,1
Living Room,2.22,1
Living Room,2.22,1
Living Room,2.22,1
Living Room,2.22,1
Living Room,2.22,1
Living Room,2.22,1
Living Room,2.22,1
Living Room,2.22,1
Living Room,2.22,1
Living Room,2.22,1
Living Room,2.22,2
Living Room,2.22,2
Living Room,2.22,2
Living Room,2.22,2
Living Room,2.22,2
Living Room,2.22,2
Living Room,2.22,2
Living Room,2.22,2
Living Room,2.22,2
Living Room,2.22,2
Living Room,2.22,2
Living Room,2.22,2
Living Room,2.22,2
Living Room,2.22,2
Living Room,2.22,2
Living Room,2.22,2
Living Room,2.22,2
Living Room,2.22,2
Living Room,2.22,2
Living Room,2.22,2
Living Room,2.22,2
Living Room,2.22,2
Living Room,2.22,2
Living Room,2.22,2
Living Room,2.22,3
Living Room,2.22,3
Living Room,2.22,3
Living Room,2.22,3
Living Room,2.22,3
Living Room,2.22,3
Living Room,2.22,3
Living Room,2.22,3
Living Room,2.22,3
Living Room,2.22,3
Living Room,2.22,3
Living Room,2.22,3
Living Room,2.6,0
Living Room,2.6,0
Living Room,2.6,0
Living Room,2.6,0
Living Room,2.6,1
Living Room,2.6,1
Living Room,2.6,1
Living Room,2.6,1
Living Room,2.6,1
Living Room,2.6,1
Living Room,2.6,1
Living Room,2.6,1
Living Room,2.6,1
Living Room,2.6,1
Living Room,2.6,1
Living Room,2.6,1
Living Room,2.6,2
Living Room,2.6,2
Living Room,2.6,2
Living Room,2.6,2
Living Room,2.6,2
Living Room,2.6,2
Living Room,2.6,2
Living Room,2.6,2
Living Room,2.6,2
Living Room,2.6,2
Living Room,2.6,2
Living Room,2.6,2
Living Room,2.6,2
Living Room,2.6,2
Living Room,2.6,2
Living Room,2.6,2
Living Room,2.6,2
Living Room,2.6,2
Living Room,2.6,2
Living Room,2.6,2
Living Room,2.6,2
Living Room,2.6,2
Living Room,2.6,2
Living Room,2.6,2
Living Room,2.6,2
Living Room,2.6,2
Living Room,2.6,2
Living Room,2.6,2
Living Room,2.6,3
Living Room,2.6,3
Living Room,2.6,3
Living Room,2.6,3
Living Room,2.6,3
Living Room,2.6,3
Living Room,2.6,3
Living Room,2.6,3
Living Room,2.6,3
Living Room,2.6,3
Living Room,2.6,3
Living Room,2.6,3
Living Room,2.6,3
Living Room,2.6,3
Living Room,2.99,0
Living Room,2.99,0
Living Room,2.99,1
Living Room,2.99,1
Living Room,2.99,1
Living Room,2.99,1
Living Room,2.99,2
Living Room,2.99,2
Living Room,2.99,2
Living Room,2.99,2
Living Room,2.99,2
Living Room,2.99,2
Living Room,2.99,2
Living Room,2.99,2
Living Room,2.99,2
Living Room,2.99,2
Living Room,2.99,2
Living Room,2.99,2
Living Room,2.99,2
Living Room,2.99,2
Living Room,2.99,2
Living Room,2.99,2
Living Room,2.99,2
Living Room,2.99,2
Living Room,2.99,2
Living Room,2.99,2
Living Room,2.99,3
Living Room,2.99,3
Living Room,2.99,3
Living Room,2.99,3
Living Room,2.99,3
Living Room,2.99,3
Living Room,2.99,3
Living Room,2.99,3
Living Room,2.99,3
Living Room,2.99,3
Living Room,2.99,3
Living Room,2.99,3
Living Room,2.99,3
Living Room,2.99,3
Living Room,2.99,3
Living Room,2.99,3
Living Room,2.99,3
Living Room,2.99,3
Living Room,2.99,3
Living Room,2.99,3
Living Room,2.99,3
Living Room,2.99,3
Living Room,2.99,3
Living Room,2.99,3
Living Room,2.99,3
Living Room,2.99,3
Living Room,2.99,3
Living Room,2.99,3
Living Room,2.99,3
Living Room,2.99,3
Kitchen,1.69,0
Kitchen,1.69,0
Kitchen,1.69,0
Kitchen,1.69,0
Kitchen,1.69,0
Kitchen,1.69,0
Kitchen,1.69,0
Kitchen,1.69,0
Kitchen,1.69,0
Kitchen,1.69,0
Kitchen,1.69,0
Kitchen,1.69,0
Kitchen,1.69,0
Kitchen,1.69,0
Kitchen,1.69,0
Kitchen,1.69,0
Kitchen,1.69,0
Kitchen,1.69,0
Kitchen,1.69,0
Kitchen,1.69,0
Kitchen,1.69,0
Kitchen,1.69,0
Kitchen,1.69,1
Kitchen,1.69,1
Kitchen,1.69,1
Kitchen,1.69,1
Kitchen,1.69,1
Kitchen,1.69,1
Kitchen,1.69,1
Kitchen,1.69,1
Kitchen,1.69,1
Kitchen,1.69,1
Kitchen,1.69,1
Kitchen,1.69,1
Kitchen,1.69,1
Kitchen,1.69,1
Kitchen,1.69,1
Kitchen,1.69,1
Kitchen,1.69,1
Kitchen,1.69,1
Kitchen,1.69,1
Kitchen,1.69,1
Kitchen,1.69,1
Kitchen,1.69,1
Kitchen,1.69,1
Kitchen,1.69,1
Kitchen,1.69,1
Kitchen,1.69,1
Kitchen,1.69,1
Kitchen,1.69,1
Kitchen,1.69,2
Kitchen,1.69,2
Kitchen,1.69,2
Kitchen,1.69,2
Kitchen,1.69,2
Kitchen,1.69,3
Kitchen,1.69,3
Kitchen,1.69,3
Kitchen,1.69,3
Kitchen,1.69,3
Kitchen,2.05,0
Kitchen,2.05,0
Kitchen,2.05,0
Kitchen,2.05,0
Kitchen,2.05,0
Kitchen,2.05,0
Kitchen,2.05,0
Kitchen,2.05,0
Kitchen,2.05,1
Kitchen,2.05,1
Kitchen,2.05,1
Kitchen,2.05,1
Kitchen,2.05,1
Kitchen,2.05,1
Kitchen,2.05,1
Kitchen,2.05,1
Kitchen,2.05,1
Kitchen,2.05,1
Kitchen,2.05,1
Kitchen,2.05,1
Kitchen,2.05,2
Kitchen,2.05,2
Kitchen,2.05,2
Kitchen,2.05,2
Kitchen,2.05,2
Kitchen,2.05,2
Kitchen,2.05,2
Kitchen,2.05,2
Kitchen,2.05,2
Kitchen,2.05,2
Kitchen,2.05,2
Kitchen,2.05,2
Kitchen,2.05,2
Kitchen,2.05,2
Kitchen,2.05,2
Kitchen,2.05,2
Kitchen,2.05,2
Kitchen,2.05,2
Kitchen,2.05,2
Kitchen,2.05,2
Kitchen,2.05,2
Kitchen,2.05,2
Kitchen,2.05,2
Kitchen,2.05,2
Kitchen,2.05,3
Kitchen,2.05,3
Kitchen,2.05,3
Kitchen,2.05,3
Kitchen,2.05,3
Kitchen,2.05,3
Kitchen,2.05,3
Kitchen,2.05,3
Kitchen,2.05,3
Kitchen,2.05,3
Kitchen,2.05,3
Kitchen,2.05,3
Kitchen,2.05,3
Kitchen,2.05,3
Kitchen,2.05,3
Kitchen,2.05,3
Kitchen,2.8,0
Kitchen,2.8,0
Kitchen,2.8,0
Kitchen,2.8,1
Kitchen,2.8,1
Kitchen,2.8,1
Kitchen,2.8,1
Kitchen,2.8,1
Kitchen,2.8,2
Kitchen,2.8,2
Kitchen,2.8,2
Kitchen,2.8,2
Kitchen,2.8,2
Kitchen,2.8,2
Kitchen,2.8,2
Kitchen,2.8,2
Kitchen,2.8,2
Kitchen,2.8,2
Kitchen,2.8,2
Kitchen,2.8,2
Kitchen,2.8,2
Kitchen,2.8,2
Kitchen,2.8,2
Kitchen,2.8,2
Kitchen,2.8,2
Kitchen,2.8,2
Kitchen,2.8,2
Kitchen,2.8,2
Kitchen,2.8,2
Kitchen,2.8,2
Kitchen,2.8,2
Kitchen,2.8,2
Kitchen,2.8,2
Kitchen,2.8,2
Kitchen,2.8,2
Kitchen,2.8,2
Kitchen,2.8,3
Kitchen,2.8,3
Kitchen,2.8,3
Kitchen,2.8,3
Kitchen,2.8,3
Kitchen,2.8,3
Kitchen,2.8,3
Kitchen,2.8,3
Kitchen,2.8,3
Kitchen,2.8,3
Kitchen,2.8,3
Kitchen,2.8,3
Kitchen,2.8,3
Kitchen,2.8,3
Kitchen,2.8,3
Kitchen,2.8,3
Kitchen,2.8,3
Kitchen,2.8,3
Kitchen,2.8,3
Kitchen,2.8,3
Kitchen,2.8,3
Kitchen,2.8,3
Kitchen,2.8,3
Kitchen,2.8,3
Kitchen,2.8,3
Kitchen,2.8,3
Kitchen,3.25,0
Kitchen,3.25,1
Kitchen,3.25,2
Kitchen,3.25,2
Kitchen,3.25,2
Kitchen,3.25,2
Kitchen,3.25,2
Kitchen,3.25,2
Kitchen,3.25,2
Kitchen,3.25,2
Kitchen,3.25,2
Kitchen,3.25,2
Kitchen,3.25,2
Kitchen,3.25,2
Kitchen,3.25,2
Kitchen,3.25,2
Kitchen,3.25,2
Kitchen,3.25,2
Kitchen,3.25,3
Kitchen,3.25,3
Kitchen,3.25,3
Kitchen,3.25,3
Kitchen,3.25,3
Kitchen,3.25,3
Kitchen,3.25,3
Kitchen,3.25,3
Kitchen,3.25,3
Kitchen,3.25,3
Kitchen,3.25,3
Kitchen,3.25,3
Kitchen,3.25,3
Kitchen,3.25,3
Kitchen,3.25,3
Kitchen,3.25,3
Kitchen,3.25,3
Kitchen,3.25,3
Kitchen,3.25,3
Kitchen,3.25,3
Kitchen,3.25,3
Kitchen,3.25,3
Kitchen,3.25,3
Kitchen,3.25,3
Kitchen,3.25,3
Kitchen,3.25,3
Kitchen,3.25,3
Kitchen,3.25,3
Kitchen,3.25,3
Kitchen,3.25,3
Kitchen,3.25,3
Kitchen,3.25,3
Kitchen,3.25,3
Kitchen,3.25,3
Kitchen,3.25,3
Kitchen,3.25,3
Kitchen,3.25,3
Kitchen,3.25,3
Kitchen,3.25,3
Kitchen,3.25,3
Kitchen,3.25,3
Kitchen,3.25,3
Multipurpose,1.83,0
Multipurpose,1.83,0
Multipurpose,1.83,0
Multipurpose,1.83,0
Multipurpose,1.83,0
Multipurpose,1.83,0
Multipurpose,1.83,0
Multipurpose,1.83,0
Multipurpose,1.83,0
Multipurpose,1.83,0
Multipurpose,1.83,0
Multipurpose,1.83,0
Multipurpose,1.83,0
Multipurpose,1.83,0
Multipurpose,1.83,0
Multipurpose,1.83,0
Multipurpose,1.83,0
Multipurpose,1.83,0
Multipurpose,1.83,0
Multipurpose,1.83,0
Multipurpose,1.83,0
Multipurpose,1.83,0
Multipurpose,1.83,0
Multipurpose,1.83,0
Multipurpose,1.83,0
Multipurpose,1.83,0
Multipurpose,1.83,0
Multipurpose,1.83,0
Multipurpose,1.83,0
Multipurpose,1.83,0
Multipurpose,1.83,1
Multipurpose,1.83,1
Multipurpose,1.83,1
Multipurpose,1.83,1
Multipurpose,1.83,1
Multipurpose,1.83,1
Multipurpose,1.83,1
Multipurpose,1.83,1
Multipurpose,1.83,1
Multipurpose,1.83,1
Multipurpose,1.83,1
Multipurpose,1.83,1
Multipurpose,1.83,1
Multipurpose,1.83,1
Multipurpose,1.83,1
Multipurpose,1.83,1
Multipurpose,1.83,1
Multipurpose,1.83,1
Multipurpose,1.83,1
Multipurpose,1.83,1
Multipurpose,1.83,2
Multipurpose,1.83,2
Multipurpose,1.83,2
Multipurpose,1.83,2
Multipurpose,1.83,2
Multipurpose,1.83,2
Multipurpose,1.83,3
Multipurpose,1.83,3
Multipurpose,1.83,3
Multipurpose,1.83,3
Multipurpose,2.22,0
Multipurpose,2.22,0
Multipurpose,2.22,0
Multipurpose,2.22,0
Multipurpose,2.22,0
Multipurpose,2.22,0
Multipurpose,2.22,0
Multipurpose,2.22,0
Multipurpose,2.22,0
Multipurpose,2.22,0
Multipurpose,2.22,0
Multipurpose,2.22,1
Multipurpose,2.22,1
Multipurpose,2.22,1
Multipurpose,2.22,1
Multipurpose,2.22,1
Multipurpose,2.22,1
Multipurpose,2.22,1
Multipurpose,2.22,1
Multipurpose,2.22,1
Multipurpose,2.22,1
Multipurpose,2.22,1
Multipurpose,2.22,1
Multipurpose,2.22,1
Multipurpose,2.22,1
Multipurpose,2.22,1
Multipurpose,2.22,1
Multipurpose,2.22,1
Multipurpose,2.22,1
Multipurpose,2.22,2
Multipurpose,2.22,2
Multipurpose,2.22,2
Multipurpose,2.22,2
Multipurpose,2.22,2
Multipurpose,2.22,2
Multipurpose,2.22,2
Multipurpose,2.22,2
Multipurpose,2.22,2
Multipurpose,2.22,2
Multipurpose,2.22,2
Multipurpose,2.22,2
Multipurpose,2.22,2
Multipurpose,2.22,2
Multipurpose,2.22,2
Multipurpose,2.22,2
Multipurpose,2.22,2
Multipurpose,2.22,2
Multipurpose,2.22,2
Multipurpose,2.22,2
Multipurpose,2.22,2
Multipurpose,2.22,2
Multipurpose,2.22,2
Multipurpose,2.22,2
Multipurpose,2.22,3
Multipurpose,2.22,3
Multipurpose,2.22,3
Multipurpose,2.22,3
Multipurpose,2.22,3
Multipurpose,2.22,3
Multipurpose,2.22,3
Multipurpose,2.6,0
Multipurpose,2.6,0
Multipurpose,2.6,0
Multipurpose,2.6,0
Multipurpose,2.6,0
Multipurpose,2.6,0
Multipurpose,2.6,0
Multipurpose,2.6,1
Multipurpose,2.6,1
Multipurpose,2.6,1
Multipurpose,2.6,1
Multipurpose,2.6,1
Multipurpose,2.6,2
Multipurpose,2.6,2
Multipurpose,2.6,2
Multipurpose,2.6,2
Multipurpose,2.6,2
Multipurpose,2.6,2
Multipurpose,2.6,2
Multipurpose,2.6,2
Multipurpose,2.6,2
Multipurpose,2.6,2
Multipurpose,2.6,2
Multipurpose,2.6,2
Multipurpose,2.6,2
Multipurpose,2.6,2
Multipurpose,2.6,2
Multipurpose,2.6,2
Multipurpose,2.6,2
Multipurpose,2.6,2
Multipurpose,2.6,2
Multipurpose,2.6,2
Multipurpose,2.6,2
Multipurpose,2.6,2
Multipurpose,2.6,2
Multipurpose,2.6,2
Multipurpose,2.6,2
Multipurpose,2.6,2
Multipurpose,2.6,2
Multipurpose,2.6,2
Multipurpose,2.6,2
Multipurpose,2.6,3
Multipurpose,2.6,3
Multipurpose,2.6,3
Multipurpose,2.6,3
Multipurpose,2.6,3
Multipurpose,2.6,3
Multipurpose,2.6,3
Multipurpose,2.6,3
Multipurpose,2.6,3
Multipurpose,2.6,3
Multipurpose,2.6,3
Multipurpose,2.6,3
Multipurpose,2.6,3
Multipurpose,2.6,3
Multipurpose,2.6,3
Multipurpose,2.6,3
Multipurpose,2.99,0
Multipurpose,2.99,0
Multipurpose,2.99,0
Multipurpose,2.99,0
Multipurpose,2.99,1
Multipurpose,2.99,1
Multipurpose,2.99,1
Multipurpose,2.99,1
Multipurpose,2.99,1
Multipurpose,2.99,1
Multipurpose,2.99,1
Multipurpose,2.99,1
Multipurpose,2.99,2
Multipurpose,2.99,2
Multipurpose,2.99,2
Multipurpose,2.99,2
Multipurpose,2.99,2
Multipurpose,2.99,2
Multipurpose,2.99,2
Multipurpose,2.99,2
Multipurpose,2.99,2
Multipurpose,2.99,2
Multipurpose,2.99,2
Multipurpose,2.99,2
Multipurpose,2.99,2
Multipurpose,2.99,3
Multipurpose,2.99,3
Multipurpose,2.99,3
Multipurpose,2.99,3
Multipurpose,2.99,3
Multipurpose,2.99,3
Multipurpose,2.99,3
Multipurpose,2.99,3
Multipurpose,2.99,3
Multipurpose,2.99,3
Multipurpose,2.99,3
Multipurpose,2.99,3
Multipurpose,2.99,3
Multipurpose,2.99,3
Multipurpose,2.99,3
Multipurpose,2.99,3
Multipurpose,2.99,3
Multipurpose,2.99,3
Multipurpose,2.99,3
Multipurpose,2.99,3
Multipurpose,2.99,3
Multipurpose,2.99,3
Multipurpose,2.99,3
Multipurpose,2.99,3
Multipurpose,2.99,3
Multipurpose,2.99,3
Multipurpose,2.99,3
Multipurpose,2.99,3
Multipurpose,2.99,3
Multipurpose,2.99,3
Multipurpose,2.99,3
Multipurpose,2.99,3
Multipurpose,2.99,3
Multipurpose,2.99,3
Multipurpose,2.99,3
Multipurpose,2.99,3
Bathroom,1.48,0
Bathroom,1.48,0
Bathroom,1.48,0
Bathroom,1.48,0
Bathroom,1.48,0
Bathroom,1.48,0
Bathroom,1.48,0
Bathroom,1.48,0
Bathroom,1.48,0
Bathroom,1.48,0
Bathroom,1.48,0
Bathroom,1.48,0
Bathroom,1.48,0
Bathroom,1.48,0
Bathroom,1.48,0
Bathroom,1.48,0
Bathroom,1.48,0
Bathroom,1.48,0
Bathroom,1.48,0
Bathroom,1.48,0
Bathroom,1.48,0
Bathroom,1.48,0
Bathroom,1.48,0
Bathroom,1.48,0
Bathroom,1.48,1
Bathroom,1.48,1
Bathroom,1.48,1
Bathroom,1.48,1
Bathroom,1.48,1
Bathroom,1.48,1
Bathroom,1.48,1
Bathroom,1.48,1
Bathroom,1.48,1
Bathroom,1.48,1
Bathroom,1.48,1
Bathroom,1.48,1
Bathroom,1.48,1
Bathroom,1.48,1
Bathroom,1.48,1
Bathroom,1.48,1
Bathroom,1.48,1
Bathroom,1.48,1
Bathroom,1.48,1
Bathroom,1.48,1
Bathroom,1.48,1
Bathroom,1.48,1
Bathroom,1.48,1
Bathroom,1.48,1
Bathroom,1.48,1
Bathroom,1.48,1
Bathroom,1.48,1
Bathroom,1.48,1
Bathroom,1.48,1
Bathroom,1.48,1
Bathroom,1.48,1
Bathroom,1.48,1
Bathroom,1.48,2
Bathroom,1.48,2
Bathroom,1.48,3
Bathroom,1.48,3
Bathroom,1.8,0
Bathroom,1.8,0
Bathroom,1.8,0
Bathroom,1.8,1
Bathroom,1.8,1
Bathroom,1.8,1
Bathroom,1.8,1
Bathroom,1.8,1
Bathroom,1.8,1
Bathroom,1.8,1
Bathroom,1.8,1
Bathroom,1.8,1
Bathroom,1.8,1
Bathroom,1.8,1
Bathroom,1.8,1
Bathroom,1.8,1
Bathroom,1.8,1
Bathroom,1.8,1
Bathroom,1.8,1
Bathroom,1.8,1
Bathroom,1.8,1
Bathroom,1.8,2
Bathroom,1.8,2
Bathroom,1.8,2
Bathroom,1.8,2
Bathroom,1.8,2
Bathroom,1.8,2
Bathroom,1.8,2
Bathroom,1.8,2
Bathroom,1.8,2
Bathroom,1.8,2
Bathroom,1.8,2
Bathroom,1.8,2
Bathroom,1.8,2
Bathroom,1.8,2
Bathroom,1.8,2
Bathroom,1.8,2
Bathroom,1.8,2
Bathroom,1.8,2
Bathroom,1.8,2
Bathroom,1.8,2
Bathroom,1.8,2
Bathroom,1.8,2
Bathroom,1.8,2
Bathroom,1.8,2
Bathroom,1.8,3
Bathroom,1.8,3
Bathroom,1.8,3
Bathroom,1.8,3
Bathroom,1.8,3
Bathroom,1.8,3
Bathroom,1.8,3
Bathroom,1.8,3
Bathroom,1.8,3
Bathroom,1.8,3
Bathroom,1.8,3
Bathroom,2.1,0
Bathroom,2.1,0
Bathroom,2.1,0
Bathroom,2.1,0
Bathroom,2.1,0
Bathroom,2.1,0
Bathroom,2.1,0
Bathroom,2.1,0
Bathroom,2.1,0
Bathroom,2.1,0
Bathroom,2.1,0
Bathroom,2.1,1
Bathroom,2.1,1
Bathroom,2.1,1
Bathroom,2.1,1
Bathroom,2.1,2
Bathroom,2.1,2
Bathroom,2.1,2
Bathroom,2.1,2
Bathroom,2.1,2
Bathroom,2.1,2
Bathroom,2.1,2
Bathroom,2.1,2
Bathroom,2.1,2
Bathroom,2.1,2
Bathroom,2.1,2
Bathroom,2.1,2
Bathroom,2.1,2
Bathroom,2.1,2
Bathroom,2.1,2
Bathroom,2.1,2
Bathroom,2.1,2
Bathroom,2.1,2
Bathroom,2.1,2
Bathroom,2.1,2
Bathroom,2.1,3
Bathroom,2.1,3
Bathroom,2.1,3
Bathroom,2.1,3
Bathroom,2.1,3
Bathroom,2.1,3
Bathroom,2.1,3
Bathroom,2.1,3
Bathroom,2.1,3
Bathroom,2.1,3
Bathroom,2.1,3
Bathroom,2.1,3
Bathroom,2.1,3
Bathroom,2.1,3
Bathroom,2.1,3
Bathroom,2.1,3
Bathroom,2.1,3
Bathroom,2.1,3
Bathroom,2.1,3
Bathroom,2.1,3
Bathroom,2.1,3
Bathroom,2.1,3
Bathroom,2.1,3
Bathroom,2.1,3
Bathroom,2.42,0
Bathroom,2.42,0
Bathroom,2.42,0
Bathroom,2.42,0
Bathroom,2.42,0
Bathroom,2.42,0
Bathroom,2.42,0
Bathroom,2.42,0
Bathroom,2.42,0
Bathroom,2.42,0
Bathroom,2.42,0
Bathroom,2.42,1
Bathroom,2.42,1
Bathroom,2.42,1
Bathroom,2.42,1
Bathroom,2.42,1
Bathroom,2.42,2
Bathroom,2.42,2
Bathroom,2.42,2
Bathroom,2.42,2
Bathroom,2.42,2
Bathroom,2.42,2
Bathroom,2.42,2
Bathroom,2.42,2
Bathroom,2.42,2
Bathroom,2.42,2
Bathroom,2.42,2
Bathroom,2.42,2
Bathroom,2.42,2
Bathroom,2.42,2
Bathroom,2.42,2
Bathroom,2.42,2
Bathroom,2.42,2
Bathroom,2.42,2
Bathroom,2.42,2
Bathroom,2.42,2
Bathroom,2.42,2
Bathroom,2.42,2
Bathroom,2.42,2
Bathroom,2.42,2
Bathroom,2.42,3
Bathroom,2.42,3
Bathroom,2.42,3
Bathroom,2.42,3
Bathroom,2.42,3
Bathroom,2.42,3
Bathroom,2.42,3
Bathroom,2.42,3
Bathroom,2.42,3
Bathroom,2.42,3
Bathroom,2.42,3
Bathroom,2.42,3
Bathroom,2.42,3
Bathroom,2.42,3
Bathroom,2.42,3
Bathroom,2.42,3
Bathroom,2.42,3
Bathroom,2.42,3
Bathroom,2.42,3
Bathroom,2.42,3
Bathroom,2.42,3
Bathroom,2.42,3
Bathroom,2.42,3
Bathroom,2.42,3
Storage,1.48,0
Storage,1.48,0
Storage,1.48,0
Storage,1.48,0
Storage,1.48,0
Storage,1.48,0
Storage,1.48,0
Storage,1.48,0
Storage,1.48,0
Storage,1.48,0
Storage,1.48,0
Storage,1.48,0
Storage,1.48,0
Storage,1.48,0
Storage,1.48,0
Storage,1.48,0
Storage,1.48,0
Storage,1.48,0
Storage,1.48,0
Storage,1.48,0
Storage,1.48,0
Storage,1.48,0
Storage,1.48,0
Storage,1.48,0
Storage,1.48,0
Storage,1.48,0
Storage,1.48,0
Storage,1.48,0
Storage,1.48,0
Storage,1.48,0
Storage,1.48,0
Storage,1.48,0
Storage,1.48,0
Storage,1.48,0
Storage,1.48,0
Storage,1.48,0
Storage,1.48,0
Storage,1.48,0
Storage,1.48,0
Storage,1.48,0
Storage,1.48,0
Storage,1.48,0
Storage,1.48,0
Storage,1.48,0
Storage,1.48,1
Storage,1.48,1
Storage,1.48,1
Storage,1.48,1
Storage,1.48,1
Storage,1.48,1
Storage,1.48,2
Storage,1.48,2
Storage,1.48,2
Storage,1.48,2
Storage,1.48,2
Storage,1.48,2
Storage,1.48,3
Storage,1.48,3
Storage,1.8,0
Storage,1.8,0
Storage,1.8,0
Storage,1.8,0
Storage,1.8,0
Storage,1.8,0
Storage,1.8,0
Storage,1.8,1
Storage,1.8,1
Storage,1.8,1
Storage,1.8,1
Storage,1.8,1
Storage,1.8,1
Storage,1.8,1
Storage,1.8,1
Storage,1.8,1
Storage,1.8,1
Storage,1.8,1
Storage,1.8,1
Storage,1.8,1
Storage,1.8,1
Storage,1.8,1
Storage,1.8,1
Storage,1.8,1
Storage,1.8,1
Storage,1.8,1
Storage,1.8,1
Storage,1.8,1
Storage,1.8,1
Storage,1.8,1
Storage,1.8,1
Storage,1.8,1
Storage,1.8,1
Storage,1.8,1
Storage,1.8,1
Storage,1.8,1
Storage,1.8,1
Storage,1.8,2
Storage,1.8,2
Storage,1.8,2
Storage,1.8,2
Storage,1.8,2
Storage,1.8,2
Storage,1.8,2
Storage,1.8,2
Storage,1.8,2
Storage,1.8,2
Storage,1.8,2
Storage,1.8,2
Storage,1.8,2
Storage,1.8,3
Storage,1.8,3
Storage,1.8,3
Storage,1.8,3
Storage,1.8,3
Storage,1.8,3
Storage,1.8,3
Storage,1.8,3
Storage,2.1,0
Storage,2.1,0
Storage,2.1,0
Storage,2.1,0
Storage,2.1,0
Storage,2.1,0
Storage,2.1,0
Storage,2.1,0
Storage,2.1,1
Storage,2.1,1
Storage,2.1,1
Storage,2.1,1
Storage,2.1,1
Storage,2.1,1
Storage,2.1,1
Storage,2.1,1
Storage,2.1,1
Storage,2.1,1
Storage,2.1,1
Storage,2.1,1
Storage,2.1,2
Storage,2.1,2
Storage,2.1,2
Storage,2.1,2
Storage,2.1,2
Storage,2.1,2
Storage,2.1,2
Storage,2.1,2
Storage,2.1,2
Storage,2.1,2
Storage,2.1,2
Storage,2.1,2
Storage,2.1,2
Storage,2.1,2
Storage,2.1,2
Storage,2.1,2
Storage,2.1,2
Storage,2.1,2
Storage,2.1,3
Storage,2.1,3
Storage,2.1,3
Storage,2.1,3
Storage,2.1,3
Storage,2.1,3
Storage,2.1,3
Storage,2.1,3
Storage,2.1,3
Storage,2.1,3
Storage,2.1,3
Storage,2.1,3
Storage,2.42,0
Storage,2.42,0
Storage,2.42,1
Storage,2.42,1
Storage,2.42,1
Storage,2.42,1
Storage,2.42,1
Storage,2.42,1
Storage,2.42,1
Storage,2.42,1
Storage,2.42,1
Storage,2.42,1
Storage,2.42,2
Storage,2.42,2
Storage,2.42,2
Storage,2.42,2
Storage,2.42,2
Storage,2.42,2
Storage,2.42,2
Storage,2.42,2
Storage,2.42,2
Storage,2.42,2
Storage,2.42,2
Storage,2.42,2
Storage,2.42,2
Storage,2.42,2
Storage,2.42,2
Storage,2.42,2
Storage,2.42,3
Storage,2.42,3
Storage,2.42,3
Storage,2.42,3
Storage,2.42,3
Storage,2.42,3
Storage,2.42,3
Storage,2.42,3
Storage,2.42,3
Storage,2.42,3
Storage,2.42,3
Storage,2.42,3
Storage,2.42,3
Storage,2.42,3
Storage,2.42,3
Storage,2.42,3
Storage,2.42,3
Storage,2.42,3
Storage,2.42,3
Storage,2.42,3
Storage,2.42,3
Storage,2.42,3
Storage,2.42,3
Storage,2.42,3
Storage,2.42,3
Storage,2.42,3
Storage,2.42,3
Storage,2.42,3
Storage,2.42,3
Storage,2.42,3
